--
-- PostgreSQL database dump
--

-- Dumped from database version 9.5.17
-- Dumped by pg_dump version 9.5.17

SET statement_timeout = 0;
SET lock_timeout = 0;
SET client_encoding = 'UTF8';
SET standard_conforming_strings = on;
SELECT pg_catalog.set_config('search_path', '', false);
SET check_function_bodies = false;
SET xmloption = content;
SET client_min_messages = warning;
SET row_security = off;

--
-- Name: DATABASE project; Type: COMMENT; Schema: -; Owner: postgres
--

COMMENT ON DATABASE project IS '

';


--
-- Name: plpgsql; Type: EXTENSION; Schema: -; Owner: 
--

CREATE EXTENSION IF NOT EXISTS plpgsql WITH SCHEMA pg_catalog;


--
-- Name: EXTENSION plpgsql; Type: COMMENT; Schema: -; Owner: 
--

COMMENT ON EXTENSION plpgsql IS 'PL/pgSQL procedural language';


SET default_tablespace = '';

SET default_with_oids = false;

--
-- Name: administrador; Type: TABLE; Schema: public; Owner: postgres
--

CREATE TABLE public.administrador (
    cedper integer,
    usuario integer NOT NULL,
    clave character varying(30),
    depuniadm integer,
    ofiuniadm integer,
    minorguniadm integer,
    uniuniadm integer,
    prouniadm integer,
    id_rol integer
);


ALTER TABLE public.administrador OWNER TO postgres;

--
-- Name: ausencia_id_ausencia_seq; Type: SEQUENCE; Schema: public; Owner: postgres
--

CREATE SEQUENCE public.ausencia_id_ausencia_seq
    START WITH 1
    INCREMENT BY 1
    NO MINVALUE
    NO MAXVALUE
    CACHE 1;


ALTER TABLE public.ausencia_id_ausencia_seq OWNER TO postgres;

--
-- Name: ausencia; Type: TABLE; Schema: public; Owner: postgres
--

CREATE TABLE public.ausencia (
    id_ausencia integer DEFAULT nextval('public.ausencia_id_ausencia_seq'::regclass) NOT NULL,
    cedper integer,
    dia integer,
    fecha_ausencia date
);


ALTER TABLE public.ausencia OWNER TO postgres;

--
-- Name: empleado; Type: TABLE; Schema: public; Owner: postgres
--

CREATE TABLE public.empleado (
    cedper integer NOT NULL,
    id_horario integer,
    clave integer,
    id_rol integer
);


ALTER TABLE public.empleado OWNER TO postgres;

--
-- Name: h_entrada_id_entrada_seq; Type: SEQUENCE; Schema: public; Owner: postgres
--

CREATE SEQUENCE public.h_entrada_id_entrada_seq
    START WITH 1
    INCREMENT BY 1
    NO MINVALUE
    NO MAXVALUE
    CACHE 1;


ALTER TABLE public.h_entrada_id_entrada_seq OWNER TO postgres;

--
-- Name: h_salida_id_salida_seq; Type: SEQUENCE; Schema: public; Owner: postgres
--

CREATE SEQUENCE public.h_salida_id_salida_seq
    START WITH 1
    INCREMENT BY 1
    NO MINVALUE
    NO MAXVALUE
    CACHE 1;


ALTER TABLE public.h_salida_id_salida_seq OWNER TO postgres;

--
-- Name: hora_id_hora_seq; Type: SEQUENCE; Schema: public; Owner: postgres
--

CREATE SEQUENCE public.hora_id_hora_seq
    START WITH 1
    INCREMENT BY 1
    NO MINVALUE
    NO MAXVALUE
    CACHE 1;


ALTER TABLE public.hora_id_hora_seq OWNER TO postgres;

--
-- Name: hora; Type: TABLE; Schema: public; Owner: postgres
--

CREATE TABLE public.hora (
    id_hora integer DEFAULT nextval('public.hora_id_hora_seq'::regclass) NOT NULL,
    hora character varying(15)
);


ALTER TABLE public.hora OWNER TO postgres;

--
-- Name: horario_id_horario_seq; Type: SEQUENCE; Schema: public; Owner: postgres
--

CREATE SEQUENCE public.horario_id_horario_seq
    START WITH 1
    INCREMENT BY 1
    NO MINVALUE
    NO MAXVALUE
    CACHE 1;


ALTER TABLE public.horario_id_horario_seq OWNER TO postgres;

--
-- Name: horario; Type: TABLE; Schema: public; Owner: postgres
--

CREATE TABLE public.horario (
    id_horario integer DEFAULT nextval('public.horario_id_horario_seq'::regclass) NOT NULL,
    depuniadm integer,
    ofiuniadm integer,
    minorguniadm integer,
    uniuniadm integer,
    prouniadm integer,
    lunes_e character varying(15),
    lunes_s character varying(15),
    martes_e character varying(15),
    martes_s character varying(15),
    miercoles_e character varying(15),
    miercoles_s character varying(15),
    jueves_e character varying(15),
    jueves_s character varying(15),
    viernes_e character varying(15),
    viernes_s character varying(15),
    sabado_e character varying(15),
    sabado_s character varying(15),
    domingo_e character varying(15),
    domingo_s character varying(15),
    deshor character varying(25)
);


ALTER TABLE public.horario OWNER TO postgres;

--
-- Name: jornada_salida_id_jornada_salida_seq; Type: SEQUENCE; Schema: public; Owner: postgres
--

CREATE SEQUENCE public.jornada_salida_id_jornada_salida_seq
    START WITH 1
    INCREMENT BY 1
    NO MINVALUE
    NO MAXVALUE
    CACHE 1;


ALTER TABLE public.jornada_salida_id_jornada_salida_seq OWNER TO postgres;

--
-- Name: jornada; Type: TABLE; Schema: public; Owner: postgres
--

CREATE TABLE public.jornada (
    id_jornada integer DEFAULT nextval('public.jornada_salida_id_jornada_salida_seq'::regclass) NOT NULL,
    cedper integer,
    h_entrada character varying(15),
    fecha_jornada date,
    dia integer
);


ALTER TABLE public.jornada OWNER TO postgres;

--
-- Name: jornada_entrada_id_jornada_entrada_seq; Type: SEQUENCE; Schema: public; Owner: postgres
--

CREATE SEQUENCE public.jornada_entrada_id_jornada_entrada_seq
    START WITH 1
    INCREMENT BY 1
    NO MINVALUE
    NO MAXVALUE
    CACHE 1;


ALTER TABLE public.jornada_entrada_id_jornada_entrada_seq OWNER TO postgres;

--
-- Name: jornada_salida; Type: TABLE; Schema: public; Owner: postgres
--

CREATE TABLE public.jornada_salida (
    id_jornada_salida integer DEFAULT nextval('public.jornada_salida_id_jornada_salida_seq'::regclass) NOT NULL,
    cedper integer,
    h_salida character varying(15),
    fecha_jornada date,
    dia integer
);


ALTER TABLE public.jornada_salida OWNER TO postgres;

--
-- Name: jornada_salida_id_salida_seq; Type: SEQUENCE; Schema: public; Owner: postgres
--

CREATE SEQUENCE public.jornada_salida_id_salida_seq
    START WITH 1
    INCREMENT BY 1
    NO MINVALUE
    NO MAXVALUE
    CACHE 1;


ALTER TABLE public.jornada_salida_id_salida_seq OWNER TO postgres;

--
-- Name: justificacion_id_justificacion_seq; Type: SEQUENCE; Schema: public; Owner: postgres
--

CREATE SEQUENCE public.justificacion_id_justificacion_seq
    START WITH 1
    INCREMENT BY 1
    NO MINVALUE
    NO MAXVALUE
    CACHE 1;


ALTER TABLE public.justificacion_id_justificacion_seq OWNER TO postgres;

--
-- Name: justificacion; Type: TABLE; Schema: public; Owner: postgres
--

CREATE TABLE public.justificacion (
    id_justificacion integer DEFAULT nextval('public.justificacion_id_justificacion_seq'::regclass) NOT NULL,
    comentario character varying(15),
    fecha_creacion character varying(12),
    id_tipo_justificacion integer,
    fecha_justificar character varying(15),
    cedper integer,
    status character varying(10)
);


ALTER TABLE public.justificacion OWNER TO postgres;

--
-- Name: nomina; Type: TABLE; Schema: public; Owner: postgres
--

CREATE TABLE public.nomina (
    codnom integer NOT NULL,
    nomina character varying(100)
);


ALTER TABLE public.nomina OWNER TO postgres;

--
-- Name: notificacion_id_notificacion_seq; Type: SEQUENCE; Schema: public; Owner: postgres
--

CREATE SEQUENCE public.notificacion_id_notificacion_seq
    START WITH 1
    INCREMENT BY 1
    NO MINVALUE
    NO MAXVALUE
    CACHE 1;


ALTER TABLE public.notificacion_id_notificacion_seq OWNER TO postgres;

--
-- Name: notificacion; Type: TABLE; Schema: public; Owner: postgres
--

CREATE TABLE public.notificacion (
    id_notificacion integer DEFAULT nextval('public.notificacion_id_notificacion_seq'::regclass) NOT NULL,
    cedper integer,
    fecha_jornada date,
    dia integer,
    depuniadm integer,
    ofiuniadm integer,
    minorguniadm integer,
    uniuniadm integer,
    prouniadm integer,
    status character varying(15),
    hora character varying(15),
    descri character varying(30)
);


ALTER TABLE public.notificacion OWNER TO postgres;

--
-- Name: personal; Type: TABLE; Schema: public; Owner: postgres
--

CREATE TABLE public.personal (
    cedper integer NOT NULL,
    nombres character varying(25),
    apellido character varying(25),
    depuniadm integer,
    ofiuniadm integer,
    minorguniadm integer,
    uniuniadm integer,
    prouniadm integer,
    estatus character varying(25),
    codcar integer,
    codnom integer
);


ALTER TABLE public.personal OWNER TO postgres;

--
-- Name: rol_id_rol_seq; Type: SEQUENCE; Schema: public; Owner: postgres
--

CREATE SEQUENCE public.rol_id_rol_seq
    START WITH 1
    INCREMENT BY 1
    NO MINVALUE
    NO MAXVALUE
    CACHE 1;


ALTER TABLE public.rol_id_rol_seq OWNER TO postgres;

--
-- Name: rol; Type: TABLE; Schema: public; Owner: postgres
--

CREATE TABLE public.rol (
    id_rol integer DEFAULT nextval('public.rol_id_rol_seq'::regclass) NOT NULL,
    nom_rol character varying(30)
);


ALTER TABLE public.rol OWNER TO postgres;

--
-- Name: sn_cargo; Type: TABLE; Schema: public; Owner: postgres
--

CREATE TABLE public.sn_cargo (
    codcar integer NOT NULL,
    cargo character varying(100)
);


ALTER TABLE public.sn_cargo OWNER TO postgres;

--
-- Name: sno_unidadadm; Type: TABLE; Schema: public; Owner: postgres
--

CREATE TABLE public.sno_unidadadm (
    depuniadm integer,
    ofiuniadm integer,
    minorguniadm integer,
    uniuniadm integer,
    prouniadm integer,
    desuniadm character varying(100)
);


ALTER TABLE public.sno_unidadadm OWNER TO postgres;

--
-- Name: tipo_justificacion_id_tipo_justificacion_seq; Type: SEQUENCE; Schema: public; Owner: postgres
--

CREATE SEQUENCE public.tipo_justificacion_id_tipo_justificacion_seq
    START WITH 1
    INCREMENT BY 1
    NO MINVALUE
    NO MAXVALUE
    CACHE 1;


ALTER TABLE public.tipo_justificacion_id_tipo_justificacion_seq OWNER TO postgres;

--
-- Name: tipo_justificacion; Type: TABLE; Schema: public; Owner: postgres
--

CREATE TABLE public.tipo_justificacion (
    id_tipo_justificacion integer DEFAULT nextval('public.tipo_justificacion_id_tipo_justificacion_seq'::regclass) NOT NULL,
    nom_justificacion character varying(25)
);


ALTER TABLE public.tipo_justificacion OWNER TO postgres;

--
-- Data for Name: administrador; Type: TABLE DATA; Schema: public; Owner: postgres
--

COPY public.administrador (cedper, usuario, clave, depuniadm, ofiuniadm, minorguniadm, uniuniadm, prouniadm, id_rol) FROM stdin;
22746550	3030	123456	0	1	103	1	0	1
25216223	2	123	0	0	0	0	0	4
4362110	3	123	0	0	0	0	0	3
6436797	4	123	0	0	0	0	0	2
2963906	1	1	0	0	0	0	0	3
\.


--
-- Data for Name: ausencia; Type: TABLE DATA; Schema: public; Owner: postgres
--

COPY public.ausencia (id_ausencia, cedper, dia, fecha_ausencia) FROM stdin;
\.


--
-- Name: ausencia_id_ausencia_seq; Type: SEQUENCE SET; Schema: public; Owner: postgres
--

SELECT pg_catalog.setval('public.ausencia_id_ausencia_seq', 1, false);


--
-- Data for Name: empleado; Type: TABLE DATA; Schema: public; Owner: postgres
--

COPY public.empleado (cedper, id_horario, clave, id_rol) FROM stdin;
22746550	\N	123456	5
2963906	\N	123456	5
4362110	\N	123456	5
4362371	\N	123456	5
5429778	\N	123456	5
6114454	\N	123456	5
6196052	\N	123456	5
6231193	\N	123456	5
6243247	\N	123456	5
6436797	\N	123456	5
6485629	\N	123456	5
6504196	\N	123456	5
8353340	\N	123456	5
8491792	\N	123456	5
9482691	\N	123456	5
9887288	\N	123456	5
9955371	\N	123456	5
10182680	\N	123456	5
10505489	\N	123456	5
10527848	\N	123456	5
10627147	\N	123456	5
10866104	\N	123456	5
11200998	\N	123456	5
11636880	\N	123456	5
12215964	\N	123456	5
12258435	\N	123456	5
12419566	\N	123456	5
12543056	\N	123456	5
12623251	\N	123456	5
12830494	\N	123456	5
12833330	\N	123456	5
12953416	\N	123456	5
13124511	\N	123456	5
13284115	\N	123456	5
13489809	\N	123456	5
13490069	\N	123456	5
13490429	\N	123456	5
13608561	\N	123456	5
13611012	\N	123456	5
14036459	\N	123456	5
14157578	\N	123456	5
14330874	\N	123456	5
15118917	\N	123456	5
15316598	\N	123456	5
15574884	\N	123456	5
15846857	\N	123456	5
15947903	\N	123456	5
16525872	\N	123456	5
16564651	\N	123456	5
16618576	\N	123456	5
17424741	\N	123456	5
17561247	\N	123456	5
17978238	\N	123456	5
18032739	\N	123456	5
18761612	\N	123456	5
19334652	\N	123456	5
19733475	\N	123456	5
20910719	\N	123456	5
21151357	\N	123456	5
22886993	\N	123456	5
23000369	\N	123456	5
24210364	\N	123456	5
25216223	\N	123456	5
26281377	\N	123456	5
12033251	\N	123456	5
\.


--
-- Name: h_entrada_id_entrada_seq; Type: SEQUENCE SET; Schema: public; Owner: postgres
--

SELECT pg_catalog.setval('public.h_entrada_id_entrada_seq', 1, false);


--
-- Name: h_salida_id_salida_seq; Type: SEQUENCE SET; Schema: public; Owner: postgres
--

SELECT pg_catalog.setval('public.h_salida_id_salida_seq', 1, false);


--
-- Data for Name: hora; Type: TABLE DATA; Schema: public; Owner: postgres
--

COPY public.hora (id_hora, hora) FROM stdin;
1	Libre
2	1:00am
3	1:30am
4	2:00am
5	2:30am
6	3:00am
7	3:30am
8	4:00am
9	4:30am
10	5:00am
11	5:30am
12	6:00am
13	6:30am
14	7:00am
15	7:30am
16	8:00am
17	8:30am
18	9:00am
19	9:30am
20	10:00am
21	10:30am
22	11:00am
23	11:30am
24	12:00pm
25	12:30pm
26	1:00pm
27	1:30am
28	2:00pm
29	2:30pm
30	3:00pm
31	3:30pm
32	4:00pm
33	4:30pm
34	5:00pm
35	5:30pm
36	6:00pm
37	6:30pm
38	7:00pm
39	7:30pm
40	8:00pm
41	8:30pm
42	9:00pm
43	9:30pm
44	10:00pm
45	10:30pm
46	11:00pm
47	11:30pm
48	12:00am
49	12:30am
\.


--
-- Name: hora_id_hora_seq; Type: SEQUENCE SET; Schema: public; Owner: postgres
--

SELECT pg_catalog.setval('public.hora_id_hora_seq', 49, true);


--
-- Data for Name: horario; Type: TABLE DATA; Schema: public; Owner: postgres
--

COPY public.horario (id_horario, depuniadm, ofiuniadm, minorguniadm, uniuniadm, prouniadm, lunes_e, lunes_s, martes_e, martes_s, miercoles_e, miercoles_s, jueves_e, jueves_s, viernes_e, viernes_s, sabado_e, sabado_s, domingo_e, domingo_s, deshor) FROM stdin;
11	0	0	0	0	0	Libre	Libre	Libre	Libre	Libre	Libre	Libre	Libre	Libre	Libre	Libre	Libre	Libre	Libre	ss
12	0	0	0	0	0	Libre	Libre	Libre	Libre	Libre	Libre	Libre	Libre	Libre	Libre	Libre	Libre	Libre	Libre	dasd
2	0	0	0	0	0	1:30am	6:00am	Libre	Libre	Libre	Libre	Libre	Libre	Libre	Libre	Libre	Libre	Libre	Libre	ddd
\.


--
-- Name: horario_id_horario_seq; Type: SEQUENCE SET; Schema: public; Owner: postgres
--

SELECT pg_catalog.setval('public.horario_id_horario_seq', 13, true);


--
-- Data for Name: jornada; Type: TABLE DATA; Schema: public; Owner: postgres
--

COPY public.jornada (id_jornada, cedper, h_entrada, fecha_jornada, dia) FROM stdin;
4061	12033251	2:59am 	2019-07-02	2
\.


--
-- Name: jornada_entrada_id_jornada_entrada_seq; Type: SEQUENCE SET; Schema: public; Owner: postgres
--

SELECT pg_catalog.setval('public.jornada_entrada_id_jornada_entrada_seq', 1, false);


--
-- Data for Name: jornada_salida; Type: TABLE DATA; Schema: public; Owner: postgres
--

COPY public.jornada_salida (id_jornada_salida, cedper, h_salida, fecha_jornada, dia) FROM stdin;
4062	12033251	2:59am 	2019-07-02	2
\.


--
-- Name: jornada_salida_id_jornada_salida_seq; Type: SEQUENCE SET; Schema: public; Owner: postgres
--

SELECT pg_catalog.setval('public.jornada_salida_id_jornada_salida_seq', 4062, true);


--
-- Name: jornada_salida_id_salida_seq; Type: SEQUENCE SET; Schema: public; Owner: postgres
--

SELECT pg_catalog.setval('public.jornada_salida_id_salida_seq', 1, false);


--
-- Data for Name: justificacion; Type: TABLE DATA; Schema: public; Owner: postgres
--

COPY public.justificacion (id_justificacion, comentario, fecha_creacion, id_tipo_justificacion, fecha_justificar, cedper, status) FROM stdin;
1	 123	09/07/2019	1	01/07/2019	2963906	Si
\.


--
-- Name: justificacion_id_justificacion_seq; Type: SEQUENCE SET; Schema: public; Owner: postgres
--

SELECT pg_catalog.setval('public.justificacion_id_justificacion_seq', 4, true);


--
-- Data for Name: nomina; Type: TABLE DATA; Schema: public; Owner: postgres
--

COPY public.nomina (codnom, nomina) FROM stdin;
1012	Empleados
1019	Chamba Juvenil
1018	Obreros
1011	Directivo
\.


--
-- Data for Name: notificacion; Type: TABLE DATA; Schema: public; Owner: postgres
--

COPY public.notificacion (id_notificacion, cedper, fecha_jornada, dia, depuniadm, ofiuniadm, minorguniadm, uniuniadm, prouniadm, status, hora, descri) FROM stdin;
30	12033251	2019-07-02	2	0	0	0	0	0	no	2:59am 	Ha marcado su salida. 
29	12033251	2019-07-02	2	0	0	0	0	0	no	2:59am 	Ha marcado su entrada. 
\.


--
-- Name: notificacion_id_notificacion_seq; Type: SEQUENCE SET; Schema: public; Owner: postgres
--

SELECT pg_catalog.setval('public.notificacion_id_notificacion_seq', 30, true);


--
-- Data for Name: personal; Type: TABLE DATA; Schema: public; Owner: postgres
--

COPY public.personal (cedper, nombres, apellido, depuniadm, ofiuniadm, minorguniadm, uniuniadm, prouniadm, estatus, codcar, codnom) FROM stdin;
22746550	Stalin Scott	Olano Perez	0	1	103	1	0	Activo	1	1011
2963906	LUIS RAFAEL	MARTINEZ BETANCOURT	0	1	103	1	0	Activo	1526	1012
4362110	SOL MARIA	ROMERO VIDOPIO	0	1	103	1	0	Activo	1639	1011
4362371	LUIS ALBERTO	VIERA CABALLERO	0	2	104	2	0	Activo	1526	1012
5429778	NORMA	MORILLO VILLALOBOS	0	3	102	1	0	Activo	1559	1012
6114454	JOSÉ AMÉRICO	ANGULO SALAZAR	0	1	103	1	0	Activo	1842	1012
6196052	CARMEN RAMONA	COLINA ABDELNOURT	0	3	103	0	0	Activo	1586	1012
6231193	ADRIANA	PIÑATE MORALES	0	2	104	2	0	Activo	1526	1012
6243247	JHONSON ANTONIO	BASTIDAS ARCHILA	0	4	101	2	0	Activo	1565	1012
6436797	MARIA CELEISIA	MONSALVE PEREZ	0	2	103	2	0	Activo	1514	1012
6485629	LIBIA IRIS	LORCA NAVARRO	0	1	103	1	0	Activo	1839	1012
6504196	NICOLASA JEANETTE	GÓMEZ GONZALEZ	0	3	102	1	0	Activo	1696	1012
8353340	JOSÉ GREGORIO	BOLÍVAR HERRERA	0	4	102	2	0	Activo	1897	1018
8491792	DOMINGO JOSÉ	SILVA FLORES	0	2	103	2	0	Activo	1529	1012
9482691	CARLOS	TORREALBA PEREZ	0	4	101	2	0	Activo	1571	1012
9887288	YAROS	PÉREZ JIMENEZ	0	4	101	1	0	Activo	1789	1012
9955371	EDUARDO	ROSCIO	0	4	102	2	0	Activo	1893	1018
10182680	ADRIANA MARINA	REQUENA CARIAS	0	2	103	2	0	Activo	1514	1012
10505489	MARIELA MARGARITA	VILLEGAS RONDON	0	1	103	1	0	Activo	1529	1012
10527848	CARINE NOELY	MARTINEZ MORENO	0	3	103	0	0	Activo	1513	1012
10627147	CARMEN YADIRA	TREJO EUGENIO	0	4	101	1	0	Activo	1840	1012
10866104	YASSER JOSE	CURA MACHADO	0	3	102	1	0	Activo	1559	1012
11200998	HORACIO ALEJANDRO	REYES TORTOLERO	0	1	103	1	0	Activo	1514	1012
11636880	MARIBEL	HIDALGO SALAZAR	0	2	103	2	0	Activo	1522	1012
12215964	MANUELA OFELIA	ARCIA FUENTES	0	3	102	1	0	Activo	1557	1012
12258435	YESIKA DEL VALLE	ZAMORA CAMEJO	0	2	103	2	0	Activo	1514	1012
12419566	ANGELICA MARÍA	MOLINA BUITRAGO	0	4	101	1	0	Activo	1563	1012
12543056	MARITZA JOSEFINA	MACHADO	0	2	103	2	0	Activo	1526	1012
12623251	ALEJANDRA VANESSA	MOTTA SOLORZANO	0	3	103	2	0	Activo	130	1011
12830494	LAIRE JOSEFINA	PEÑALVER MONTILLA	0	1	103	1	0	Activo	1526	1012
12833330	MARILIN AMINTA	RIOS BETANCOURT	0	3	102	1	0	Activo	1556	1012
12953416	CLARA DEL CARMEN	VASQUEZ	0	3	102	1	0	Activo	1810	1012
13124511	NAIROVA	SUAREZ HERNÁNDEZ	0	2	103	2	0	Activo	1514	1012
13284115	LUIS ERNESTO	GONZALEZ	0	4	101	0	0	Activo	215	1011
13489809	DAYANA TERESA	REQUIZ CORDERO	0	3	103	2	0	Activo	1514	1012
13490069	ANA JOSEFINA	MATERAN CASIQUE	0	4	101	1	0	Activo	1840	1012
13490429	JULIO MARTIN	VERENZUELA LEON	0	4	101	2	0	Activo	1851	1012
13608561	DEIGLIS MERCEDES	VEGAS GONZÁLEZ	0	3	102	1	0	Activo	1559	1012
13611012	ELIZABETH DEL CARMEN	MORALES ALVAREZ	0	1	103	1	0	Activo	1514	1012
14036459	YOHANA DE JESUS	MANRIQUE TORO	0	2	103	2	0	Activo	1514	1012
14157578	BEATRIZ DEL VALLE	ESPINOZA RODRIGUEZ	0	1	103	1	0	Activo	1514	1012
14330874	NATHALY ANDREINA	PANTOJA PARRA	0	2	103	2	0	Activo	1526	1012
15118917	NANCY	ALVES RODRIGUEZ	0	4	101	2	0	Activo	1571	1012
15316598	LUIS ENRIQUE	BARRIOS RODRIGUEZ	0	4	102	2	0	Activo	130	1011
15574884	WILLANETT JOSEFINA	ARTEAGA BLANCO	0	4	101	1	0	Activo	1562	1012
15846857	JESUS RAFAEL	CALDERON  SANCHEZ	0	4	101	2	0	Activo	1567	1012
15947903	ANA MARIA	BOADA	0	3	103	2	0	Activo	1520	1012
16525872	HENRY ADELVIS	ROMERO ECHARRY	0	3	102	1	0	Activo	1600	1012
16564651	ANDREINA GERALDINE	MADRID CHACON	0	2	103	2	0	Activo	1513	1012
16618576	DOANFER ALEJANDRO	ALVAREZ PÉREZ	0	2	103	2	0	Activo	1600	1012
17424741	LUIS RAFAEL	NIÑO VEGA	0	4	101	2	0	Activo	1782	1012
17561247	FRANK CARMELO	CHANCAY CEVALLOS	0	4	101	0	0	Activo	1820	1012
17978238	CARLOS ENRIQUE	MARRERO BARRIOS	0	2	103	2	0	Activo	1523	1012
18032739	JHON  ADULFO	RAMIREZ RODRIGUEZ	0	4	101	0	0	Activo	19	1019
18761612	JUAN EDUARDO	DE ABREU MEDINA	0	4	101	2	0	Activo	1782	1012
19334652	ANDRES  MARINO	PANTOJA  GIL	0	4	102	2	0	Activo	1777	1018
19733475	JHOAN JOSE	SOJO	0	4	101	2	0	Activo	1568	1012
20910719	KYLBERT ITZAKKY	LOBO CARTA	0	4	101	0	0	Activo	1837	1012
21151357	OSWALDO MOISES	TOVAR RAMOS	0	4	101	0	0	Activo	19	1019
22886993	DULCE SARAI	SILVERA MEJIAS	0	2	103	2	0	Activo	1510	1012
23000369	JONATHAN BRAYAN	ESPINOZA APONTE	0	4	101	0	0	Activo	19	1019
24210364	ALBA ROXANA	MENDEZ MONSALVE	0	4	101	0	0	Activo	19	1019
25216223	ERIKA DANIELA	MORALES PARABABIRE	0	4	101	0	0	Activo	19	1019
26281377	FRANCISCO  JOSUE	AQUINO  PIÑATE	0	4	101	0	0	Activo	1578	1012
12033251	Mily Yasmin	Perez Martines	0	0	0	0	0	Activo	1	1011
\.


--
-- Data for Name: rol; Type: TABLE DATA; Schema: public; Owner: postgres
--

COPY public.rol (id_rol, nom_rol) FROM stdin;
1	Administrador root
2	Talento humano
3	Director
4	Coordinador
5	Empleado
6	Jubilado
\.


--
-- Name: rol_id_rol_seq; Type: SEQUENCE SET; Schema: public; Owner: postgres
--

SELECT pg_catalog.setval('public.rol_id_rol_seq', 2, true);


--
-- Data for Name: sn_cargo; Type: TABLE DATA; Schema: public; Owner: postgres
--

COPY public.sn_cargo (codcar, cargo) FROM stdin;
1735	ANALISTA DE PERSONAL (PII-III)
1582	ASISTENTE ADMINISTRATIVO (BIII-II)
1687	ASISTENTE ADMINISTRATIVO (TI-II)
1668	SECRETARIA EJECUTIVA (TI-II)
1774	ASISTENTE DE ARCHIVO (OII-IV)
1782	ANALISTA DE SOPORTE (TII-III)
1824	ASISTENTE ADMINISTRATIVO (BII-III)
1684	ANALISTA DE PRESUPUESTO (PII-IV)
1663	SECRETARIA EJECUTIVA (BIII-II)
1665	SECRETARIA EJECUTIVA (OBRERO CALIFICADO IV-III)
1811	ANALISTA DE SOPORTE (TI-II)
1817	ASISTENTE DE ARCHIVO (BIII-VII)
1670	SUPERVISOR DE ALMACEN (TII-III)
1749	ASISTENTE DE ARCHIVO (OBRERO CALIFICADO IV-IV)
1558	ANALISTA DE RECURSOS FINANCIEROS (TII-II)
1797	ANALISTA DE RECURSOS FINANCIEROS (PI-II)
1598	ASISTENTE DE ARCHIVO (BIII-I)
1829	ANALISTA DE RECURSOS FINANCIEROS (TI-II)
1590	ASISTENTE ADMINISTRATIVO (PI-I)
1767	ANALISTA DE ORGANIZACION Y METODOS (PIII-III)
1734	ASISTENTE DE ARCHIVO (OII-I)
1592	ASISTENTE ADMINISTRATIVO (PII-II)
1820	ASISTENTE ADMINISTRATIVO (BII-III)
1841	ANALISTA DE PERSONAL (TI-II)
1751	VIGILANTE (BII-I)
1701	ANALISTA RECURSOS FINANCIEROS (BI-I)
1714	SECRETARIA (BI-I)
1743	ANALISTA DE RECURSOS FINANCIEROS (PII-I)
1755	COMUNICADOR SOCIAL (PII-I)
1771	TERAPISTA OCUPACIONAL (TII-I)
1019	Chamba Juvenil
1827	ASISTENTE DE  ARCHIVO (OBRERO  CALIFICADO IV-III)
1706	VIGILANTE (OBRERO CALIFICADO IV-IV)
81	VICEPRESIDENTE
0	Sin Cargo
1881	ANALISTA DE SOPORTE (BII-I)
1013	Contratados
1894	ASISTENTE TECNICO DE LIMPIEZA (OII-I)
1756	ASISTENTE DE LIMPIEZA (PI- I)
1763	SUPERVISOR DE SEGURIDAD (BI-I)
1769	TERAPEUTA OCUPACIONAL (TII-I)
1770	ANALISTA DE PERSONAL (PI-I)
1741	ASISTENTE DE MANTENIMIENTO (OBRERO CALIFICADO III-II)
1596	ASISTENTE DE ARCHIVO (BI-I)
1698	ANALISTA DE BECAS Y CONVENIOS (TII-II)
1702	ANALISTA RECURSOS FINANCIEROS (TI-I)
1707	ANALISTA DE SOPORTE (TII-I)
1721	ASISTENTE DE MANTENIMIENTO (OI-I)
1723	ABOGADO (PII-I)
1724	ASISTENTE DE MANTENIMIENTO (OI-III)
1730	ANALISTA DE BECAS Y CONVENIOS (PIII-III)
1731	ANALISTA DE BECAS Y CONVENIOS (PIII-II)
1733	DIAGRAMADOR (BIII-II)
1738	MENSAJERO INTERNO (OI-I)
1750	CHOFER (BII-I)
1753	ASISTENTE DE SERVICIOS (BI-I)
1754	ANALISTA DE INFORMACION ACADEMICA (BI-I)
1628	AUXILIAR DE SERVICIOS DE OFICINA (OBRERO CALIFICADO IV-I)
130	COORDINADOR
150	DIRECTOR GENERAL (E)
1693	ANALISTA DE SISTEMAS (PI-III)
1765	DISEĂ‘ADOR GRAFICO  (BI-I)
2	ANALISTA DE APOYO ADMINTRATIVO
3	ANALISTA DE CUENTAS
4	ANALISTA DE CUENTAS POR COBRAR
5	ANALISTA DE CULMINACIĂ“N DE LAPSO DE ENTREGA
6	ANALISTA DE DESARROLLO DE CONVENIOS
7	ANALISTA DE DESARROLLO DE CONVENIOS
1860	ASISTENTE DE ARCHIVO (OBRERO CALIFICADO IV-VII)
8	ANALISTA DE GESTIĂ“N
9	ANALISTA DE INGRESO Y DESARROLLO
10	ANALISTA DE NOMINA
11	ANALISTA DE ORGANIZACIĂ“N Y METODOS
12	ANALISTA DE PRESUPUESTO
13	ANALISTA DE SEGUI. LABORAL
14	ANALISTA DE SERVICIOS AL PERSONAL
15	ANALISTA DE SISTEMAS
16	ANALISTA DE SOPORTE
17	ANALISTA DE TESORERĂA
18	ANALISTA PROGRAMADOR
20	ASISTENTE DE ARCHIVO
21	ASISTENTE DE COMPRAS
22	ASISTENTE DE SERVICIOS AL PERSONAL
23	ASISTENTE DE SERVICIOS GENERAL
24	ASISTENTE DE TESORERĂA
26	AUDITOR DE SISTEMAS
27	AUXILIAR DE CUENTAS POR COBRAR
28	CAJERO I
29	CAJERO II
30	CHOFER
31	COMUNICADOR SOCIAL
32	CONSULTOR JURIDICO
33	AUDITOR INTERNO
34	COORDINADOR DE AUDITORĂA
35	COORDINADOR
36	COORDINADORA ENCARGADA
37	DIRECTORA GENE.ADMINISTRACION
38	JEFE DE DIV DE PROG REG.
40	COORDINADOR DE PRESUPUESTO
41	COORDINADOR DE PROGRAMAS
42	JEFE DE DIV DE TRAMITACION DE PAGO
43	JEFE DE DIV DE SERV.GENERALES
44	JEFE DE DIV DE SECRETARIA
45	JEFE DE DIV DE SEGUIMI LABORAL
46	COORDINADOR DE SERVICIOS Y BE
47	COORDINADOR DE SISTEMAS
48	DIRECTOR EJECUTIVO
49	DIRECTORA EJECUTIVA ENCARGADA
50	DIRECTOR
51	DIRECTOR
52	GERENTE DE RECUPERACIĂ“N DE CRĂ‰
53	DIRECTOR
54	VICEPRESI DE ASUNTOS ADMI (E)
56	GESTOR DE COBRANZAS
57	MENSAJERO EXTERNO
1819	ANALISTA DE INFORMACION ACADEMICA (BIII-III)
1828	ANALISTA DE SISTEMAS (BIII-II)
1812	COMUNICADOR SOCIAL (PI-II)
1690	ANALISTA DE PERSONAL (PIII-III)
1531	ANALISTA DE INFORMACION ACADEMICA (TII-II)
1501	ABOGADO (PII-II)
1814	ASISTENTE ADMINISTRATIVO (OBRERO CALIFICADO BIII-II)
1816	ASISTENTE ADMINISTRATIVO (BIII-V)
1720	VIGILANTE (OI-I)
1822	ANALISTA DE SISTEMAS (PI-II)
1856	ASISTENTE ADMINISTRATIVO (PII-III)
1623	AUDITOR (PII-III)
1694	DIAGRAMADOR (TI-I)
1843	ANALISTA DE INFORMACION ACADEMICA (PII-III)
1838	ABOGADO (PIII-V)
1509	ANALISTA DE BECAS Y CONVENIOS (OBRERO CALIFICADO IV-I)
1589	ASISTENTE ADMINISTRATIVO (OBRERO CALIFICADO IV-II)
1579	ASISTENTE ADMINISTRATIVO (BII-I)
1524	ANALISTA DE BECAS Y CONVENIOS (TII-I)
1581	ASISTENTE ADMINISTRATIVO (BIII-I)
1595	ASISTENTE ADMINISTRATIVO (TII-II)
1818	ANALISTA DE PRESUPUESTO (PIII-V)
58	MENSAJERO INTERNO
59	OPERADOR DE ARCHIVO
1994	ASISTENTE DE SERVICIOS OBRERO CALIFICADO (OIV-IV)
1890	SUPERVISOR TECNICO DE MANTENIMIENTO( OIV-VI)
1995	AUXILIAR DE SERVICIOS (OII-VII)
1613	ASISTENTE DE LIMPIEZA (OII-IV)
1635	CHOFER (OBRERO CALIFICADO III-IV)
1897	ASISTENTE TECNICO DE MANTENIMIENTO (BIII-III)
1896	ASISTENTE TECNICO DE MANTENIMIENTO (OIII-V)
1869	OFICIAL DE SEGURIDAD (OII-I)
1893	ASISTENTE TECNICO DE MANTENIMIENTO (BIII-II)
1795	SUPERVISOR DE TRANSPORTE (OBRERO CALIFICADO IV-IV)
1876	OFICIAL DE SEGURIDAD (OBRERO CALIFICADO I-I)
1798	MENSAJERO INTERNO (OBRERO CALIFICADO IV-III)
60	OPERADOR DE EQUIPOS DE REPRODUCION
61	PRESIDENTE
63	SECRETARIA DE DIVISION
1792	MENSAJERO MOTORIZADO (BIII-III)
64	\tSECRETARIA DE DIRECCION
1567	ANALISTA DE SISTEMAS (TI-I)
1830	ANALISTA DE BECAS Y CONVENIOS (BIII-III)
1781	ANALISTA DE RECURSOS FINANCIEROS (PI-V)
1806	MENSAJERO MOTORIZADO (OBRERO CALIFICADO III-I)
1711	MENSAJERO INTERNO (OBRERO CALIFICADO IV-II)
1837	ANALISTA DE SOPORTE (BIII-II)
1527	ANALISTA DE BECAS Y CONVENIOS (TII-IV)
1760	AUDITOR (PIII-V)
1571	ANALISTA DE SOPORTE (PII-III)
1891	ASISTENTE TECNICO DE MANTENIMIENTO (OIII-II)
1787	ANALISTA DE PRESUPUESTO (TII-III)
1807	MENSAJERO INTERNO (OBRERO CALIFICADO III-II)
1892	ASISTENTE TECNICO DE MANTENIMIENTO  (OII-II)
1502	ABOGADO (PII-III)
1599	ASISTENTE DE ARCHIVO (BIII-II)
1704	AUXILIAR DE SERVICIOS (OII-II)
1801	CHOFER (OBRERO CALIFICADO III-I)
65	SECRETARIA DE PRESIDENCIA
1709	AUDITOR (PIII-III)
1895	ASISTENTE TECNICO DE MANTENIMIENTO (BI-I)
1591	ASISTENTE ADMINISTRATIVO (PI-II)
1736	AUDITOR (PIII-IV)
1800	ANALISTA DE ORGANIZACION Y METODOS (PIII-II)
1664	SECRETARIA EJECUTIVA (BIII-IV)
1815	ANALISTA DE PRESUPUESTO (PI-III)
1805	OPERADOR DE ARCHIVO (OBRERO CALIFICADO IV-II)
1597	ASISTENTE DE ARCHIVO (BII-I)
1808	ASISTENTE ADMINISTRATIVO (BI-II)
1844	SECRETARIA EJECUTIVA (BIII-V)
1833	ANALISTA DE BECAS Y CONVENIOS (TI-III)
1834	ANALISTA DE PERSONAL (PI-II)
1794	ANALISTA DE RECURSOS FINANCIEROS (PIII-II)
1696	CAJERO (BIII-VI)
1810	ANALISTA DE RECURSOS FINANCIEROS (PI-III)
1689	ANALISTA DE PERSONAL (PII-III)
1626	AUDITOR (PIII-II)
1699	ANALISTA DE BECAS Y CONVENIOS (TI-II)
1821	ASISTENTE ADMINISTRATIVO (TII-IV)
1528	ANALISTA DE BECAS Y CONVENIOS (TII-V)
1826	OPERADOR DE EQUIPOS DE COMUNICACIONES (OBRERO CALIFICADO III-III)
1758	ANALISTA DE BECAS Y CONVENIOS
1762	ANALISTA DE BECAS Y CONVENIOS (PIII-I)
1839	ANALISTA DE BECAS Y CONVENIOS (PII-VII)
1842	ANALISTA DE BECAS Y CONVENIOS (BIII-VII)
1850	ASISTENTE DE ARCHIVO (BII-III)
1851	ANALISTA DE SOPORTE (TI-III)
1852	ALMACENISTA (TII-III)
1853	AUDITOR (PIII-VI)
1854	ANALISTA DE BECAS Y CONVENIOS (PI-III)
1855	ASISTENTE ADMINISTRATIVO (PI-III)
1719	ASISTENTE DE MANTENIMIENTO (BIII-II)
66	SECRETARIA DE VICEPRESIDENCIA
67	ALMACENISTA
68	SUPERVISOR DE APOYO ADMINISTRA
69	SUPERVISOR DE ARCHIVO
70	SUPERVISOR DE COMEDOR
71	SUPERVISOR DE COMPRAS
72	SUPERVISOR DE CORRESPONDENCIA
73	SUPERVISOR DE CUENTAS
74	SUPERVISOR DE CULMINACIĂ“N DE E
75	SUPERVISOR DE GESTIĂ“N FINANCIE
76	SUPERVISOR DE GESTIĂ“N INTERNACIONAL
77	SUPERVISOR DE GESTIĂ“N NACIONAL
78	SUPERVISOR DE BIENES Y MATERIALES
79	TESORERO
80	TRANSCRIPTOR DE DATOS
82	VICEPRESIDENTE
83	DIRECTOR
85	ANALISTA DE COBRANZAS
86	JEFE DE PLANES Y BENEFICIOS
87	ASISTENTE DE PERSONAL
88	ANALISTA DE RECURSOS FINANCIEROS I
116	JUBILADO
89	ASISTENTE DE RECURSOS FINANCIEROS
90	CAJERO III
91	CAJERO
92	JEFE DE RECURSOS FINANCIEROS
93	JEFE DE COMPRAS
94	ASISTENTE DE ARCHIVO Y CORRESPONDENCIA
95	SUPERVISOR DE ALMACEN
96	JEFE DE GESTIĂ“N FINANCIERA
97	SECRETARIA
98	JEFE DE GESTIĂ“N
99	JEFE DE INFORMĂTICA
100	JEFE DE EQUIPO ADMINISTRATIVO
101	JEFE DE CULMINACIĂ“N
102	ANALISTA DE CONVENIOS
103	ANALISTA DE CONVENIOS
104	MOTORIZADO
105	ANALISTA DE INFORMACION ACADEMICO I
106	TELEFONISTA
107	ASISTENTE DE PERSONAL
108	ANALISTA CONTABLE
109	ASISTENTE CONTABLE
110	SUPERVISOR DE GRUPO
111	CONTADOR JEFE
112	MENSAJERO - MOTORIZADO
113	MENSAJERO
114	ANALISTA TRANSCRIPTOR
1	PRESIDENTE
115	PENSIONADO
1500	ABOGADO (PI-I)
1505	ANALISTA DE BECAS Y CONVENIOS (BII-I)
1506	ANALISTA DE BECAS Y CONVENIOS (BIII-I)
1510	ANALISTA DE BECAS Y CONVENIOS (PI-I)
1511	ANALISTA DE BECAS Y CONVENIOS (PI-II)
1512	ANALISTA DE BECAS Y CONVENIOS (PII-I)
1513	ANALISTA DE BECAS Y CONVENIOS (PII-II)
1514	ANALISTA DE BECAS Y CONVENIOS (PII-III)
1515	ANALISTA DE BECAS Y CONVENIOS (PII-IV)
1516	ANALISTA DE BECAS Y CONVENIOS (PII-V)
1518	ANALISTA DE BECAS Y CONVENIOS (PIII-I)
1519	ANALISTA DE BECAS Y CONVENIOS (PIII-II)
1520	ANALISTA DE BECAS Y CONVENIOS (PIII-III)
1521	ANALISTA DE BECAS Y CONVENIOS (PIII-IV)
1522	ANALISTA DE BECAS Y CONVENIOS (PIII-V)
1525	ANALISTA DE BECAS Y CONVENIOS (TII-II)
1529	ANALISTA DE BECAS Y CONVENIOS (TII-VI)
1532	ANALISTA DE INFORMACION ACADEMICA (TII-III)
1541	ANALISTA DE PERSONAL (TII-II)
1542	ANALISTA DE PERSONAL (TII-III)
1543	ANALISTA DE PERSONAL (TII-IV)
1552	ANALISTA DE RECURSOS FINANCIEROS (PII-II)
1553	ANALISTA DE RECURSOS FINANCIEROS (PII-III)
1554	ANALISTA DE RECURSOS FINANCIEROS (PII-IV)
1557	ANALISTA DE RECURSOS FINANCIEROS (PIII-IV)
1563	ANALISTA DE SISTEMAS (PII-III)
117	JEFE DIVISION DE GESTIĂ“N INTERNACIONAL
118	ASISTENTE DE SERVICIOS
119	OFICINISTA
120	ASISTENTE DE INFORMĂTICA
121	COORDINADOR DE PLANES ESTRATĂ‰GICOS.
122	CONTRATADO PARA TRABAJO EVENTUAL.
123	VIGILANTE
124	DIAGRAMADOR
1745	SUPERVISOR DE MANTENIMIENTO (OBRERO CALIFICADO IV-V)
1793	ASISTENTE DE SERVICIOS (OBRERO CALIFICADO III-III)
1992	ASISTENTE DE LIMPIEZA (BII-I)
1799	ASISTENTE DE SERVICIOS (OBRERO CALIFICADO III-IV)
1993	ASISTENTE DE LIMPIEZA (OII-I)
1803	MENSAJERO INTERNO (BIII-III)
1804	ASISTENTE DE MANTENIMIENTO (OBRERO CALIFICADO III-V)
1996	ASISTENTE DE MANTENIMIENTO (OII-I)
1900	ANALISTA DE INFORMACION ACADEMICA (TII-II)
1991	ASISTENTE ADMINISTRATIVO (BIII-I)
125	ANALISTA ADMINISTRATIVO
126	SECRETARIA ADMINISTRATIVA
131	ASISTENTE DE SECRETARIA
140	ASISTENTE DE MANTENIMIENTO
160	TECNICO ESPEC.RECUR. FINAN.MAT
1809	CHOFER (OBRERO CALIFICADO III-II)
1845	ASISTENTE DE MANTENIMIENTO (OBRERO CALIFICADO III-II)
1859	ASISTENTE DE LIMPIEZA (OII-I)
200	JEFE DE DIVI DE ADMINI FINANCI
201	COORDINADOR DE PROMOCION
1713	ASISTENTE ADMINISTRATIVO (OBRERO CALIFICADO III-I)
1722	ASISTENTE DE MANTENIMIENTO (BI-I)
1732	ANALISTA DE BECAS Y CONVENIOS (BI-I)
1737	CHOFER (BI-I)
1759	ASISTENTE DE LIMPIEZA (BI-I)
1764	CHOFER (OII-I)
1775	AUDITOR (PI-I)
202	ASESOR
1848	MEDICO OCUPACIONAL (PII-V)
203	ASESOR A LA VICE. LOGISTICA
204	DIRECTORA GENERAL DE SELECCION Y SEGUIMIENTO
207	ASESOR ECONOMICO
208	ADJUNTO A LA GER. DE RECUR.FIN
209	ASESOR DE CONTROL Y GESTION
210	ASESORA FINANCIERA
221	JEFE DE DIV DE MATER Y BIENES
250	COMUNICADOR SOCIAL
255	ASESOR TEC.DE RECURSOS HUMANOS
256	GERENTE ENCARGADO DE COBRANZA
1866	ASISTENTE ADMINISTRATIVO (PIII-I)
1867	ASISTENTE DE ARCHIVO (OBRERO CALIFICADO III-I)
1871	OFICIAL DE SEGURIDAD (BII-I)
257	ASESOR A LA VICE-OPERACIONES
260	COORD DE OFIC. TECNICA LEGAL
261	JEFE DE D PLANIFIC. DESA. PERS
270	JEFE DE DIVISION DE SOPORTE INSTI
300	REGIS. DE BIENES Y MATERIALES
301	MEDICO
302	ASISTENTE DE ENFERMERIA
308	COORD  DE PRENSA
400	JEFE DE GRUPO/COOP INTERNACION
402	JEFE DE DIVISON DE SELECCION
420	COORDINADOR DE CONVENIOS INTERNACIONAL
431	COORDINADOR DE CONVENIOS NACIONALES
500	COORDINADOR DE CONVENIOS INTERNACIONAL
501	DIRECTOR GEN DE COOP. ALBA
502	JEFE DE GRUPO
504	COORDINADOR DE OFICINA REGINAL BARQUISIMETO
506	COORDINADOR DE OFICINA BOLIVAR
507	COORDINADOR DE LA OFICINA  ZULIA
512	ASISTENTE A LA VICEPRESIDENCIA DEL ALBA
513	ASISTENTE
520	OPERADOR DE EQUIPOS DE COMUNICACIONES
521	JEFE DE DIVISION OFICINA-PARIS
522	COORDINADOR DE OFICINA REGINAL APURE
525	COORDINADOR DE CONVENIOS NACIONALES
556	COORDINADOR DE CAPACI DEL PODER PO
560	DIRECTOR DE COOPERACION. INTERNACIONAL
561	COORD DE  OFICINA CARABOBO
562	COORD DE OFICINA MERIDA
600	ANALISTA  BECAS Y CONVENIOS I
601	ANALISTA BECAS Y CONVENIOS II
602	ANALISTA BECAS Y CONVENIOS III
603	ANALISTA DE BECAS Y CONVENIOS JEFE
604	ANALISTA RECURSOS FINANCIEROS I
605	ANALISTA RECURSOS FINANCIEROS  II
606	ANALISTA DE RECURSOS FINANCIEROS III
607	ANALISTA DE PERSONAL I
608	ANALISTA DE PERSONAL II
609	ANALISTA DE PERSONAL III
610	AUXILIAR DE AUDITORIA
611	ABOGADO I
612	ABOGADO II
613	ABOGADO III
614	ANALISTA DE SISTEMA I
615	ANALISTA DE SISTEMA II
616	ANALISTA DE SISTEMA III
617	ANALISTA DE SOPORTE I
618	ANALISTA DE SOPORTE II
619	AUDITOR I
620	AUDITOR II
621	AUDITOR III
623	ANALISTA DE PRESUPUESTO I
624	ANALISTA DE PRESUPUESTO II
625	SECRETARIA EJECUTIVA I
626	SECRETARIA EJECUTIVA II
627	SECRETARIA EJECUTIVA III
628	ANALISTA DE PRESUPUESTO III
700	COORD DE OFICINA  ANZOATEGUI
810	COORD. DE ADMIN DE RECURSOS H.
825	COORINADOR DE  DE ORGANIZACION Y METODO
901	SUPERVISOR DE SERV. GENERALES
902	SUPERVISOR DE MANTENIMIENTO
903	SUPERVISOR DE TRANSPORTE
999	INGENIERO I
1000	COORDINADOR
1001	COORDINADOR ENCARGADO
1002	ABOGADO
1609	ASISTENTE DE LIMPIEZA (OI-II)
1610	ASISTENTE DE LIMPIEZA (OI-IV)
1611	ASISTENTE DE LIMPIEZA (OII-II)
1612	ASISTENTE DE LIMPIEZA (OII-III)
1614	ASISTENTE DE LIMPIEZA (OBRERO CALIFICADO IV-IV)
1615	ASISTENTE DE MANTENIMIENTO (OII-I)
1616	ASISTENTE DE MANTENIMIENTO (OII-II)
1617	ASISTENTE DE MANTENIMIENTO (OII-IV)
1618	ASISTENTE DE MANTENIMIENTO (OBRERO CALIFICADO IV-II)
1619	ASISTENTE DE MANTENIMIENTO (OBRERO CALIFICADO IV-III)
1620	ASISTENTE DE SERVICIOS (OII-III)
1621	ASISTENTE DE SERVICIOS (OII-IV)
1629	CHOFER (OII-I)
1630	CHOFER (OII-II)
1631	CHOFER (OII-III)
1849	ANALISTA DE RECURSOS FINANCIEROS (PII-III)
1864	ANALISTA DE PERSONAL (BI-I)
1865	DISEĂ‘ADOR GRAFICO (BII-I)
1728	ASISTENTE DE ARCHIVO (OII-I)
1784	ASISTENTE DE LIMPIEZA (OBRERO CALIFICADO III-IV)
1632	CHOFER (OII-IV)
1633	CHOFER (OII-V)
1634	CHOFER (OII-VI)
1636	CHOFER (OBRERO CALIFICADO IV-II)
1646	MENSAJERO INTERNO (OII-II)
1647	MENSAJERO INTERNO (OBRERO CALIFICADO IV-I)
1648	MENSAJERO INTERNO (OBRERO CALIFICADO IV-II)
1649	MENSAJERO MOTORIZADO (OII-I)
1650	MENSAJERO MOTORIZADO (OII-III)
1651	MENSAJERO MOTORIZADO (OII-IV)
1652	MENSAJERO MOTORIZADO (OBRERO CALIFICADO IV-II)
1653	MENSAJERO MOTORIZADO (OBRERO CALIFICADO IV-III)
1656	OPERADOR DE ARCHIVO (OBRERO CALIFICADO IV-I)
1669	SUPERVISOR DE TRANSPORTE (OBRERO CALIFICADO IV-III)
1673	SUPERVISOR DE MANTENIMIENTO (OBRERO CALIFICADO III-IV)
1674	SUPERVISOR DE MANTENIMIENTO (OBRERO CALIFICADO IV-IV)
1677	VIGILANTE (OII-I)
1588	ASISTENTE ADMINISTRATIVO (OBRERO CALIFICADO IV-I)
1678	VIGILANTE (OBRERO CALIFICADO IV-I)
19	ASISTENTE ADMINISTRATIVO
190	ASESOR
1578	ASISTENTE ADMINISTRATIVO (BI-I)
25	ANALISTA DE SOPORTE TECNICO I
1679	VIGILANTE (OBRERO CALIFICADO IV-II)
62	RECEPCIONISTA
1654	OPERADOR DE ARCHIVO (OBRERO CALIFICADO IV-I)
1539	ANALISTA DE PERSONAL (TI-I)
1555	ANALISTA DE RECURSOS FINANCIEROS (PIII-I)
1680	MENSAJERO INTENO (OII-IV)
1874	OFICIAL DE SEGURIDAD (PII-III)
1878	OFICIAL DE SEGURIDAD (OBRERO CALIFICADO IV-I)
1712	ANALISTA DE SOPORTE (TII-III)
1523	ANALISTA DE BECAS Y CONVENIOS (TI-I)
1642	DIAGRAMADOR (TII-I)
1681	MENSAJERO INTENO (OII-III)
1682	MENSAJERO INTENO (OII-I)
1691	SUPERVISOR DE SEGURIDAD (OBRERO CALIFICADO III-IV)
1697	CHOFER (OBRERO CALIFICADO IV-I)
1740	MENSAJERO MOTORIZADO (BII-I)
1703	CHOFER (OBRERO CALIFICADO IV-I)
1705	AUXILIAR DE SERVICIOS (OII-VI)
1710	MENSAJERO INTERNO (BIII-II)
1877	ANALISTA DE BECAS Y CONVENIOS (PII-II)
1715	ASISTENTE DE MANTENIMIENTO (BIII-III)
1875	OFICIAL DE SEGURIDAD (BII-II)
1716	ASISTENTE DE LIMPIEZA (BIII-IV)
1772	DISEĂ‘ADOR GRAFICO (BIII-II)
1870	OFICIAL DE SEGURIDAD (BI-I)
1593	ASISTENTE ADMINISTRATIVO (TI-I)
1872	OFICIAL DE SEGURIDAD (BIII-VI)
1766	ENFERMERA (TI-I)
1879	ANALISTA DE BECAS Y CONVENIOS (BII-II)
1880	OFICIAL DE SEGURIDAD (OI-I)
1638	COMUNICADOR SOCIAL (PI-I)
1873	OFICIAL DE SEGURIDAD (OBRERO CALIFICADO IV-IV)
1550	ANALISTA DE RECURSOS FINANCIEROS (BIII-V)
1882	ASISTENTE ADMINISTRATIVO (TII-IV)
1883	ANALISTA DE PERSONAL (PII-V)
1847	ANALISTA DE PERSONAL (PI-II)
1862	ANALISTA DE RECURSOS FINANCIEROS (BII-II)
1580	ASISTENTE ADMINISTRATIVO (BII-II)
1761	AUXILIAR DE SERVICIOS DE OFICINA (OBRERO CALIFICADO III-II)
1708	ASISTENTE DE MANTENIMIENTO (OI-II)
1846	ANALISTA DE PERSONAL (PII-I)
1568	ANALISTA DE SOPORTE (BI-I)
1717	MENSAJERO MOTORIZADO (BIII-II)
1718	VIGILANTE (BIII-I)
1725	VIGILANTE (BI-I)
1739	CHOFER (BII-II)
1752	ASISTENTE DE LIMPIEZA (OI-I)
1777	CHOFER (BIII-II)
1783	CHOFER (OBRERO CALIFICADO III-III)
1785	VIGILANTE (BI-II)
1786	ASISTENTE DE LIMPIEZA (OBRERO CALIFICADO III-II)
1788	ASISTENTE DE LIMPIEZA (OBRERO CALIFICADO III-I)
1796	SUPERVISOR DE MANTENIMIENTO (OBRERO CALIFICADO IV-VI)
1639	COORDINADOR
1676	VICEPRESIDENTE
1644	DIRECTOR GENERAL
511	ASISTENTE
1700	ASISTENTE (E)
215	DIRECTOR GENERAL
1643	DIRECTOR EJECUTIVO
1768	COORDINADORA DE ACTIVIDADES ESTRATEGICAS
1640	COORDINADOR (E)
523	COORDINADOR DE OFICINA REGIONAL COJEDES
1779	COORDINADOR DE OFICINA TACHIRA
1780	ANALISTA DE INFORMACION ACADEMICA (TII-V)
1573	ANALISTA DE SOPORTE (TII-II)
1583	ASISTENTE ADMINISTRATIVO (BIII-III)
1526	ANALISTA DE BECAS Y CONVENIOS (TII-III)
1831	ANALISTA DE RECURSOS FINANCIEROS (BIII-III)
1562	ANALISTA DE SISTEMAS (PII-II)
1559	ANALISTA DE RECURSOS FINANCIEROS (TII-III)
1840	ANALISTA DE SISTEMAS (PII-V)
1556	ANALISTA DE RECURSOS FINANCIEROS (PIII-III)
1584	ASISTENTE ADMINISTRATIVO (BIII-IV)
1773	ASISTENTE DE ARCHIVO (OII-III)
1658	REGISTRADOR DE BIENES Y MATERIALES (BIII-II)
1600	ASISTENTE DE ARCHIVO (BIII-III)
1832	ANALISTA DE RECURSOS FINANCIEROS (BIII-VI)
1813	ANALISTA DE PERSONAL (PIII-VII)
1791	ANALISTA DE PERSONAL (PII-V)
1607	ASISTENTE DE ARCHIVO Y CORRESPONDENCIA (OBRERO CALIFICADO IV-VII)
1586	ASISTENTE ADMINISTRATIVO (BIII-VII)
1672	SUPERVISOR DE ARCHIVO (BIII-VII)
1802	ASISTENTE ADMINISTRATIVO (OBRERO CALIFICADO IV-III)
1789	ANALISTA DE SISTEMAS (PIII-VI)
1790	ANALISTA DE PRESUPUESTO (TII-V)
1565	ANALISTA DE SISTEMAS (PIII-IV)
1534	ANALISTA DE ORGANIZACION Y METODOS (TI-II)
1564	ANALISTA DE SISTEMAS (PII-IV)
1823	ASISTENTE ADMINISTRATIVO (BIII-III)
1825	ALMACENISTA (TII-II)
\.


--
-- Data for Name: sno_unidadadm; Type: TABLE DATA; Schema: public; Owner: postgres
--

COPY public.sno_unidadadm (depuniadm, ofiuniadm, minorguniadm, uniuniadm, prouniadm, desuniadm) FROM stdin;
0	0	0	0	0	PENSIONADOS OBREROS
0	0	100	0	0	JUNTA DIRECTIVA
0	1	100	0	0	UNIDAD DE AUDITORIA INTERNA
0	1	100	1	0	COORDINACION DE CONTROL POSTERIOR
0	2	101	0	0	CONSULTORIA JURIDICA
0	4	102	0	0	DIRECCION GENERAL DE SERVICIOS GENERALES
0	0	101	0	0	PRESIDENCIA
0	1	101	0	0	DIRECCION EJECUTIVA DEL DESPACHO
0	3	101	0	0	DIRECCION GENERAL DE RELACIONES INTERINSTITUCIONALES
0	3	101	1	0	COORDINACION DE PRENSA
0	3	104	1	0	COORDINACION DE ACTIVIDADES ESTRATEGICAS
0	3	104	0	0	DIRECCION GENERAL DE COOPERACION INTERNACIONAL
0	2	103	2	0	COORDINACION DE UNIVERSIDADES AUTONOMAS
0	2	103	3	0	COORDINACION DE UNIVERSIDADES EXPERIM. PRIVADAS Y TECNOLOGIC
0	3	103	0	0	DIRECCION GENERAL DE PROGRAMAS Y CONVENIOS
0	0	104	0	0	VICEPRESIDENCIA PARA EL ALBA Y LA COOPERACION INTERNACIONAL
0	4	103	2	0	COORDINACION DEL PODER POPULAR
0	3	103	4	0	COORDINACION DE SEGUIMIENTO Y ARTICULACION INSTITUCIONAL
0	4	103	1	0	COORDINACION DE ORGANIZACION AL BECARIO
0	4	103	0	0	DIRECCION GENERAL ORG. AL BECARIO Y APOYO CAPAC. POD.POPULAR
0	3	101	2	0	COORDINACION DE ASUNTOS INSTITUCIONALES Y EVENTOS
0	6	101	12	0	OFICINA REGIONAL DE PORTUGUESA
0	3	101	3	0	CENTRO DE INFORMACION ACADEMICA
0	4	101	0	0	DIRECCION GENERAL DE TECNOLOGIA DE LA INFORMACION
0	4	101	1	0	COORDINACION DE APLICACIONES Y WEB
0	4	101	3	0	COORDINACION DE ORGANIZACION Y METODOS
0	4	101	2	0	COORDINACION DE SOPORTE Y REDES
0	4	101	4	0	COORDINACION DE ESTADISTICA
0	5	101	0	0	OFICINA DE ATENCION AL CIUDADANO
0	0	102	0	0	DIRECCION EJECUTIVA DE ADMINISTRACION Y FINANZAS
0	1	102	1	0	COORDINACION DE PLANIFICACION Y DESARROLLO
0	4	102	3	0	COORDINACION DE REPRODUCCION, ARCHIVO Y CORRESPONDENCIA
0	0	0	0	58	JUBILADOS OBREROS
0	0	0	0	59	PENSIONADOS EMPLEADOS
0	2	102	0	0	DIRECCION GENERAL DE PLANIFICACION Y PRESUPUESTO
0	2	102	1	0	COORDINACION DE FORMULACION Y PLANIFICACION
0	2	102	2	0	COORDINACION DE CONTROL DE LA EJECUCION
0	1	104	1	0	COORDINACION DE PLANIFICACION
0	1	104	0	0	DIRECCION GENERAL DE SELECCION
0	3	103	2	0	COORDINACION DE CONVENIOS  INTERNACIONALES
0	3	102	0	0	DIRECCION GENERAL DE FINANZAS
0	3	102	1	0	COORDINACION DE TESORERIA
0	6	101	13	0	OFICINA REGIONAL TACHIRA
0	3	102	2	0	COORDINACION DE COMPRAS Y SUMINISTROS
0	3	102	3	0	COORDINACION DE CONTABILIDAD Y BIENES
0	4	102	1	0	UNIDAD DE SEGURIDAD
0	4	102	2	0	COORDINACION DE MANTENIMIENTO Y TRANSPORTE
0	0	0	0	57	JUBILADOS EMPLEADOS
0	1	100	2	0	COORDINACION DE INVESTIG. Y DETERMIN. DE RESPONSAB. ADMINIST
0	6	101	1	0	OFICINA REGIONAL ANZOATEGUI
0	6	101	2	0	OFICINA REGIONAL MERIDA
0	6	101	3	0	OFICINA REGIONAL BOLIVAR
0	6	101	4	0	OFICINA REGIONAL ZULIA
0	6	101	5	0	OFICINA REGIONAL CARABOBO
0	6	101	6	0	OFICINA REGIONAL APURE
0	0	103	0	0	VICEPRESIDENCIA DE BECAS, CONVENIOS Y PODER POPULAR
1	0	103	0	0	OFICINA DE APOYO LOGISTICO
0	1	103	0	0	DIRECCION GENERAL DE GESTION ADMINISTRATIVA
0	1	103	1	0	COORDINACION DE GESTION ADMINISTRATIVA
0	2	103	0	0	DIRECCION GENERAL DE PROGRAMAS DE BECAS
0	2	104	2	0	COORDINACION DE CONTROL ADMINISTRATIVO
0	2	104	1	0	COORDINACION DE CONTROL SOCIOACADEMICO
0	2	104	0	0	DIRECCION GENERAL DE CONTROL SOCIOACADEMICO Y ADMINISTRATIVO
0	3	103	3	0	COORDINACION DE PROGRAMAS ESPECIALES
0	6	101	0	0	DIRECCION GENERAL DE OFICINAS REGIONALES
0	6	101	7	0	OFICINA REGIONAL BARINAS
0	6	101	8	0	OFICINA REGIONAL FALCON
0	6	101	9	0	OFICINA REGIONAL LARA
0	6	101	10	0	OFICINA REGIONAL SUCRE
0	6	101	11	0	OFICINA REGIONAL MONAGAS
0	6	101	14	0	OFICINA REGIONAL YARACUY
0	3	104	2	0	COORDINACION DE CONVENIOS INTERNACIONALES
0	2	103	1	0	COORDINACION DE UNIVERSIDADES NACIONALES
0	1	104	2	0	COORDINACION DE OPERACIONES LOGISTICAS
0	6	101	15	0	OFICINA REGIONAL NUEVA ESPARTA
0	3	103	1	0	COORDINACION DE CONVENIOS NACIONALES
0	6	101	16	0	OFICINA REGIONAL GUARICO
0	1	102	2	0	COORDINACION DE NOMINA
0	6	101	17	0	OFICINA REGIONAL MIRANDA
0	1	102	3	0	COORDINACION DE BIENESTAR SOCIAL
0	2	104	3	0	COORDINACION DE BIOPSICOSOCIAL
0	1	102	0	0	DIRECCION GENERAL DE TALENTO HUMANO
\.


--
-- Data for Name: tipo_justificacion; Type: TABLE DATA; Schema: public; Owner: postgres
--

COPY public.tipo_justificacion (id_tipo_justificacion, nom_justificacion) FROM stdin;
1	Medica
2	Juridica
3	Bancaria
4	Muerte de un familiar
5	Actividad Academica
\.


--
-- Name: tipo_justificacion_id_tipo_justificacion_seq; Type: SEQUENCE SET; Schema: public; Owner: postgres
--

SELECT pg_catalog.setval('public.tipo_justificacion_id_tipo_justificacion_seq', 5, true);


--
-- Name: ausencia_pkey; Type: CONSTRAINT; Schema: public; Owner: postgres
--

ALTER TABLE ONLY public.ausencia
    ADD CONSTRAINT ausencia_pkey PRIMARY KEY (id_ausencia);


--
-- Name: cargo_pkey; Type: CONSTRAINT; Schema: public; Owner: postgres
--

ALTER TABLE ONLY public.sn_cargo
    ADD CONSTRAINT cargo_pkey PRIMARY KEY (codcar);


--
-- Name: horario_pkey; Type: CONSTRAINT; Schema: public; Owner: postgres
--

ALTER TABLE ONLY public.horario
    ADD CONSTRAINT horario_pkey PRIMARY KEY (id_horario);


--
-- Name: jornada_salida_pkey; Type: CONSTRAINT; Schema: public; Owner: postgres
--

ALTER TABLE ONLY public.jornada_salida
    ADD CONSTRAINT jornada_salida_pkey PRIMARY KEY (id_jornada_salida);


--
-- Name: justificacion_pkey; Type: CONSTRAINT; Schema: public; Owner: postgres
--

ALTER TABLE ONLY public.justificacion
    ADD CONSTRAINT justificacion_pkey PRIMARY KEY (id_justificacion);


--
-- Name: nomina_pkey; Type: CONSTRAINT; Schema: public; Owner: postgres
--

ALTER TABLE ONLY public.nomina
    ADD CONSTRAINT nomina_pkey PRIMARY KEY (codnom);


--
-- Name: personal_pkey; Type: CONSTRAINT; Schema: public; Owner: postgres
--

ALTER TABLE ONLY public.personal
    ADD CONSTRAINT personal_pkey PRIMARY KEY (cedper);


--
-- Name: rol_pkey; Type: CONSTRAINT; Schema: public; Owner: postgres
--

ALTER TABLE ONLY public.rol
    ADD CONSTRAINT rol_pkey PRIMARY KEY (id_rol);


--
-- Name: tipo_justificacion_pkey; Type: CONSTRAINT; Schema: public; Owner: postgres
--

ALTER TABLE ONLY public.tipo_justificacion
    ADD CONSTRAINT tipo_justificacion_pkey PRIMARY KEY (id_tipo_justificacion);


--
-- Name: administrador_cedula_fkey; Type: FK CONSTRAINT; Schema: public; Owner: postgres
--

ALTER TABLE ONLY public.administrador
    ADD CONSTRAINT administrador_cedula_fkey FOREIGN KEY (cedper) REFERENCES public.personal(cedper);


--
-- Name: administrador_id_rol_fkey; Type: FK CONSTRAINT; Schema: public; Owner: postgres
--

ALTER TABLE ONLY public.administrador
    ADD CONSTRAINT administrador_id_rol_fkey FOREIGN KEY (id_rol) REFERENCES public.rol(id_rol);


--
-- Name: empleado_cedula_fkey; Type: FK CONSTRAINT; Schema: public; Owner: postgres
--

ALTER TABLE ONLY public.empleado
    ADD CONSTRAINT empleado_cedula_fkey FOREIGN KEY (cedper) REFERENCES public.personal(cedper);


--
-- Name: justificacion_id_tipo_justificacion_fkey; Type: FK CONSTRAINT; Schema: public; Owner: postgres
--

ALTER TABLE ONLY public.justificacion
    ADD CONSTRAINT justificacion_id_tipo_justificacion_fkey FOREIGN KEY (id_tipo_justificacion) REFERENCES public.tipo_justificacion(id_tipo_justificacion);


--
-- Name: notificacion_cedper_fkey; Type: FK CONSTRAINT; Schema: public; Owner: postgres
--

ALTER TABLE ONLY public.notificacion
    ADD CONSTRAINT notificacion_cedper_fkey FOREIGN KEY (cedper) REFERENCES public.personal(cedper);


--
-- Name: personal_codcar_fkey; Type: FK CONSTRAINT; Schema: public; Owner: postgres
--

ALTER TABLE ONLY public.personal
    ADD CONSTRAINT personal_codcar_fkey FOREIGN KEY (codcar) REFERENCES public.sn_cargo(codcar);


--
-- Name: personal_codnom_fkey; Type: FK CONSTRAINT; Schema: public; Owner: postgres
--

ALTER TABLE ONLY public.personal
    ADD CONSTRAINT personal_codnom_fkey FOREIGN KEY (codnom) REFERENCES public.nomina(codnom);


--
-- Name: SCHEMA public; Type: ACL; Schema: -; Owner: postgres
--

REVOKE ALL ON SCHEMA public FROM PUBLIC;
REVOKE ALL ON SCHEMA public FROM postgres;
GRANT ALL ON SCHEMA public TO postgres;
GRANT ALL ON SCHEMA public TO PUBLIC;


--
-- PostgreSQL database dump complete
--

